code,ticker,name
1301,1301.T,
1332,1332.T,
1333,1333.T,
1375,1375.T,
1377,1377.T,
1379,1379.T,
1414,1414.T,
1417,1417.T,
1419,1419.T,
1429,1429.T,
1433,1433.T,
1515,1515.T,
1518,1518.T,
1605,1605.T,
1662,1662.T,
1663,1663.T,
0167,0167.T,
1719,1719.T,
1720,1720.T,
1721,1721.T,
1726,1726.T,
1762,1762.T,
1766,1766.T,
1773,1773.T,
1780,1780.T,
1786,1786.T,
1801,1801.T,
1802,1802.T,
1803,1803.T,
1808,1808.T,
1812,1812.T,
1813,1813.T,
1814,1814.T,
1815,1815.T,
1820,1820.T,
1821,1821.T,
1833,1833.T,
1835,1835.T,
1852,1852.T,
1860,1860.T,
1861,1861.T,
1870,1870.T,
1871,1871.T,
1873,1873.T,
1878,1878.T,
1879,1879.T,
1882,1882.T,
1884,1884.T,
1885,1885.T,
1887,1887.T,
1888,1888.T,
1890,1890.T,
1893,1893.T,
1898,1898.T,
1899,1899.T,
1911,1911.T,
1925,1925.T,
1926,1926.T,
1928,1928.T,
1929,1929.T,
1930,1930.T,
1934,1934.T,
1938,1938.T,
1939,1939.T,
1941,1941.T,
1942,1942.T,
1944,1944.T,
1945,1945.T,
1946,1946.T,
1949,1949.T,
1950,1950.T,
1951,1951.T,
1952,1952.T,
1959,1959.T,
1961,1961.T,
1963,1963.T,
1964,1964.T,
1968,1968.T,
1969,1969.T,
1975,1975.T,
1976,1976.T,
1979,1979.T,
1980,1980.T,
1982,1982.T,
2001,2001.T,
2002,2002.T,
2004,2004.T,
2053,2053.T,
2060,2060.T,
2108,2108.T,
2109,2109.T,
2117,2117.T,
2120,2120.T,
2121,2121.T,
2124,2124.T,
2127,2127.T,
2130,2130.T,
2146,2146.T,
2148,2148.T,
2150,2150.T,
2153,2153.T,
2154,2154.T,
2157,2157.T,
2163,2163.T,
2168,2168.T,
2170,2170.T,
2175,2175.T,
2181,2181.T,
2198,2198.T,
2201,2201.T,
2206,2206.T,
2207,2207.T,
2209,2209.T,
2211,2211.T,
2212,2212.T,
2217,2217.T,
2220,2220.T,
2222,2222.T,
2229,2229.T,
2264,2264.T,
2266,2266.T,
2267,2267.T,
2269,2269.T,
2270,2270.T,
2281,2281.T,
2282,2282.T,
2288,2288.T,
2292,2292.T,
2294,2294.T,
2296,2296.T,
2301,2301.T,
2307,2307.T,
2317,2317.T,
2325,2325.T,
2326,2326.T,
2327,2327.T,
2331,2331.T,
2335,2335.T,
2337,2337.T,
2353,2353.T,
2359,2359.T,
2371,2371.T,
2374,2374.T,
2378,2378.T,
2379,2379.T,
2384,2384.T,
2389,2389.T,
2395,2395.T,
2410,2410.T,
2413,2413.T,
2429,2429.T,
2432,2432.T,
2433,2433.T,
2440,2440.T,
2445,2445.T,
2461,2461.T,
2462,2462.T,
2471,2471.T,
2475,2475.T,
2489,2489.T,
2491,2491.T,
2492,2492.T,
2501,2501.T,
2502,2502.T,
2503,2503.T,
2531,2531.T,
2533,2533.T,
2540,2540.T,
0256,0256.T,
2579,2579.T,
2585,2585.T,
2587,2587.T,
2590,2590.T,
2593,2593.T,
25935,25935.T,
2594,2594.T,
2602,2602.T,
2607,2607.T,
2613,2613.T,
0262,0262.T,
2659,2659.T,
2664,2664.T,
2670,2670.T,
2674,2674.T,
2676,2676.T,
2678,2678.T,
2681,2681.T,
2685,2685.T,
0268,0268.T,
2692,2692.T,
2695,2695.T,
2726,2726.T,
2730,2730.T,
2733,2733.T,
2734,2734.T,
2737,2737.T,
2742,2742.T,
2749,2749.T,
2752,2752.T,
2753,2753.T,
2760,2760.T,
2767,2767.T,
2768,2768.T,
2784,2784.T,
2791,2791.T,
2792,2792.T,
2801,2801.T,
2802,2802.T,
2804,2804.T,
2809,2809.T,
2810,2810.T,
2811,2811.T,
2815,2815.T,
0285,0285.T,
2871,2871.T,
2874,2874.T,
2875,2875.T,
2882,2882.T,
2884,2884.T,
2897,2897.T,
2908,2908.T,
2910,2910.T,
2914,2914.T,
2915,2915.T,
2918,2918.T,
2922,2922.T,
2929,2929.T,
2930,2930.T,
2931,2931.T,
2933,2933.T,
2935,2935.T,
2975,2975.T,
2980,2980.T,
2982,2982.T,
3002,3002.T,
3003,3003.T,
3028,3028.T,
3031,3031.T,
3034,3034.T,
3036,3036.T,
3038,3038.T,
3040,3040.T,
3046,3046.T,
3048,3048.T,
3050,3050.T,
3064,3064.T,
3073,3073.T,
3076,3076.T,
3086,3086.T,
3087,3087.T,
3088,3088.T,
3091,3091.T,
3092,3092.T,
3093,3093.T,
3097,3097.T,
3099,3099.T,
3101,3101.T,
3103,3103.T,
3104,3104.T,
3105,3105.T,
3106,3106.T,
3107,3107.T,
3109,3109.T,
3110,3110.T,
3116,3116.T,
3132,3132.T,
3135,3135.T,
3139,3139.T,
3141,3141.T,
3148,3148.T,
3150,3150.T,
3151,3151.T,
3153,3153.T,
3154,3154.T,
3156,3156.T,
3167,3167.T,
3176,3176.T,
3179,3179.T,
3180,3180.T,
3182,3182.T,
3183,3183.T,
3186,3186.T,
3191,3191.T,
3193,3193.T,
3196,3196.T,
3197,3197.T,
3198,3198.T,
3199,3199.T,
3201,3201.T,
3221,3221.T,
3231,3231.T,
3232,3232.T,
3245,3245.T,
3252,3252.T,
3276,3276.T,
3284,3284.T,
3288,3288.T,
3289,3289.T,
3291,3291.T,
3302,3302.T,
3315,3315.T,
3319,3319.T,
3328,3328.T,
3333,3333.T,
3341,3341.T,
3349,3349.T,
3360,3360.T,
3371,3371.T,
3382,3382.T,
3387,3387.T,
3388,3388.T,
3391,3391.T,
3393,3393.T,
3395,3395.T,
3397,3397.T,
3401,3401.T,
3402,3402.T,
3405,3405.T,
3407,3407.T,
3415,3415.T,
3431,3431.T,
3433,3433.T,
3436,3436.T,
3443,3443.T,
3445,3445.T,
3446,3446.T,
3457,3457.T,
3465,3465.T,
3475,3475.T,
3480,3480.T,
3482,3482.T,
3484,3484.T,
3486,3486.T,
3496,3496.T,
3498,3498.T,
3501,3501.T,
3539,3539.T,
3543,3543.T,
3546,3546.T,
3548,3548.T,
3549,3549.T,
3561,3561.T,
3563,3563.T,
3569,3569.T,
3580,3580.T,
3591,3591.T,
3593,3593.T,
3608,3608.T,
3612,3612.T,
3626,3626.T,
3632,3632.T,
3635,3635.T,
3636,3636.T,
3649,3649.T,
3655,3655.T,
3656,3656.T,
3657,3657.T,
3659,3659.T,
3660,3660.T,
3661,3661.T,
3662,3662.T,
3663,3663.T,
3665,3665.T,
3668,3668.T,
3673,3673.T,
3675,3675.T,
3676,3676.T,
3678,3678.T,
3679,3679.T,
3681,3681.T,
3687,3687.T,
3688,3688.T,
0368,0368.T,
3694,3694.T,
3696,3696.T,
3697,3697.T,
3708,3708.T,
3741,3741.T,
3762,3762.T,
3763,3763.T,
3765,3765.T,
3769,3769.T,
3771,3771.T,
3774,3774.T,
3778,3778.T,
3788,3788.T,
3817,3817.T,
3834,3834.T,
3835,3835.T,
3836,3836.T,
3837,3837.T,
3843,3843.T,
3844,3844.T,
3853,3853.T,
3854,3854.T,
3861,3861.T,
3863,3863.T,
3864,3864.T,
3865,3865.T,
3877,3877.T,
3880,3880.T,
3901,3901.T,
3902,3902.T,
3903,3903.T,
3915,3915.T,
3916,3916.T,
3921,3921.T,
3922,3922.T,
3923,3923.T,
3924,3924.T,
3925,3925.T,
3926,3926.T,
3932,3932.T,
3937,3937.T,
3939,3939.T,
3941,3941.T,
3946,3946.T,
3950,3950.T,
3962,3962.T,
3963,3963.T,
3964,3964.T,
3968,3968.T,
3983,3983.T,
3984,3984.T,
3992,3992.T,
3993,3993.T,
3994,3994.T,
4004,4004.T,
4005,4005.T,
4008,4008.T,
4021,4021.T,
4022,4022.T,
4023,4023.T,
4025,4025.T,
4027,4027.T,
4028,4028.T,
4041,4041.T,
4042,4042.T,
4043,4043.T,
4044,4044.T,
4045,4045.T,
4046,4046.T,
4047,4047.T,
4051,4051.T,
4053,4053.T,
4061,4061.T,
4062,4062.T,
4063,4063.T,
4064,4064.T,
4071,4071.T,
4072,4072.T,
4078,4078.T,
4082,4082.T,
4088,4088.T,
4091,4091.T,
4092,4092.T,
4093,4093.T,
4095,4095.T,
4097,4097.T,
4099,4099.T,
4109,4109.T,
4112,4112.T,
4114,4114.T,
4116,4116.T,
4118,4118.T,
4151,4151.T,
4180,4180.T,
4182,4182.T,
4183,4183.T,
4186,4186.T,
4187,4187.T,
4188,4188.T,
4189,4189.T,
4194,4194.T,
4202,4202.T,
4203,4203.T,
4204,4204.T,
4205,4205.T,
4206,4206.T,
4208,4208.T,
4212,4212.T,
4216,4216.T,
4218,4218.T,
4220,4220.T,
4221,4221.T,
4228,4228.T,
4229,4229.T,
4246,4246.T,
4249,4249.T,
4251,4251.T,
4272,4272.T,
4275,4275.T,
4290,4290.T,
4301,4301.T,
4307,4307.T,
4310,4310.T,
4318,4318.T,
4323,4323.T,
4324,4324.T,
4326,4326.T,
4331,4331.T,
4333,4333.T,
4337,4337.T,
4343,4343.T,
4344,4344.T,
4345,4345.T,
4362,4362.T,
4368,4368.T,
4369,4369.T,
4373,4373.T,
4384,4384.T,
4385,4385.T,
4390,4390.T,
4392,4392.T,
4396,4396.T,
4401,4401.T,
4403,4403.T,
4410,4410.T,
4413,4413.T,
4432,4432.T,
4433,4433.T,
4443,4443.T,
4446,4446.T,
4449,4449.T,
4452,4452.T,
4461,4461.T,
4462,4462.T,
4471,4471.T,
4480,4480.T,
4481,4481.T,
4483,4483.T,
4502,4502.T,
4503,4503.T,
4506,4506.T,
4507,4507.T,
4516,4516.T,
4519,4519.T,
4521,4521.T,
4523,4523.T,
4526,4526.T,
4527,4527.T,
4528,4528.T,
4530,4530.T,
4534,4534.T,
4536,4536.T,
4538,4538.T,
4540,4540.T,
4543,4543.T,
4544,4544.T,
4547,4547.T,
4548,4548.T,
4549,4549.T,
4551,4551.T,
4552,4552.T,
4553,4553.T,
4554,4554.T,
4559,4559.T,
4565,4565.T,
4568,4568.T,
4569,4569.T,
4574,4574.T,
4577,4577.T,
4578,4578.T,
4587,4587.T,
4611,4611.T,
4612,4612.T,
4613,4613.T,
4617,4617.T,
4626,4626.T,
4631,4631.T,
4633,4633.T,
4634,4634.T,
4641,4641.T,
4658,4658.T,
4661,4661.T,
4662,4662.T,
4665,4665.T,
4666,4666.T,
4668,4668.T,
4674,4674.T,
4676,4676.T,
4680,4680.T,
4681,4681.T,
4684,4684.T,
4686,4686.T,
4687,4687.T,
4689,4689.T,
4694,4694.T,
4704,4704.T,
4709,4709.T,
4714,4714.T,
4718,4718.T,
4719,4719.T,
4722,4722.T,
4725,4725.T,
4732,4732.T,
4733,4733.T,
4743,4743.T,
4751,4751.T,
4755,4755.T,
4763,4763.T,
4765,4765.T,
4768,4768.T,
4776,4776.T,
4784,4784.T,
4792,4792.T,
4801,4801.T,
4809,4809.T,
4812,4812.T,
4813,4813.T,
4819,4819.T,
4820,4820.T,
4825,4825.T,
4826,4826.T,
4828,4828.T,
4839,4839.T,
4845,4845.T,
4847,4847.T,
4848,4848.T,
4849,4849.T,
4880,4880.T,
4886,4886.T,
4887,4887.T,
4901,4901.T,
4902,4902.T,
4911,4911.T,
4912,4912.T,
4914,4914.T,
4917,4917.T,
4919,4919.T,
4922,4922.T,
4923,4923.T,
4927,4927.T,
4928,4928.T,
4931,4931.T,
4933,4933.T,
4951,4951.T,
4956,4956.T,
4958,4958.T,
4967,4967.T,
4968,4968.T,
4971,4971.T,
4973,4973.T,
4974,4974.T,
4975,4975.T,
4980,4980.T,
4985,4985.T,
4996,4996.T,
4997,4997.T,
5011,5011.T,
5016,5016.T,
5017,5017.T,
5019,5019.T,
5020,5020.T,
5021,5021.T,
5032,5032.T,
5074,5074.T,
5076,5076.T,
50765,50765.T,
5101,5101.T,
5105,5105.T,
5108,5108.T,
5110,5110.T,
5121,5121.T,
5122,5122.T,
5142,5142.T,
5185,5185.T,
5186,5186.T,
5191,5191.T,
5192,5192.T,
5195,5195.T,
5201,5201.T,
5202,5202.T,
5208,5208.T,
5214,5214.T,
5232,5232.T,
5233,5233.T,
5261,5261.T,
5262,5262.T,
5269,5269.T,
5288,5288.T,
5301,5301.T,
5302,5302.T,
5310,5310.T,
5331,5331.T,
5332,5332.T,
5333,5333.T,
5334,5334.T,
5344,5344.T,
5351,5351.T,
5352,5352.T,
5357,5357.T,
5384,5384.T,
5393,5393.T,
5401,5401.T,
5406,5406.T,
5408,5408.T,
5410,5410.T,
5411,5411.T,
5423,5423.T,
5440,5440.T,
5444,5444.T,
5445,5445.T,
5451,5451.T,
5461,5461.T,
5463,5463.T,
5471,5471.T,
5480,5480.T,
5482,5482.T,
5535,5535.T,
5541,5541.T,
5563,5563.T,
5602,5602.T,
5631,5631.T,
5632,5632.T,
5659,5659.T,
5698,5698.T,
5702,5702.T,
5703,5703.T,
5706,5706.T,
5707,5707.T,
5711,5711.T,
5713,5713.T,
5714,5714.T,
5715,5715.T,
5726,5726.T,
5727,5727.T,
5741,5741.T,
5757,5757.T,
5801,5801.T,
5802,5802.T,
5803,5803.T,
5805,5805.T,
5821,5821.T,
5830,5830.T,
5831,5831.T,
5832,5832.T,
5838,5838.T,
5844,5844.T,
5851,5851.T,
5852,5852.T,
5857,5857.T,
5901,5901.T,
5902,5902.T,
5911,5911.T,
5929,5929.T,
5930,5930.T,
5932,5932.T,
5933,5933.T,
5938,5938.T,
5943,5943.T,
5946,5946.T,
5947,5947.T,
5949,5949.T,
5957,5957.T,
5959,5959.T,
5970,5970.T,
5975,5975.T,
5976,5976.T,
5981,5981.T,
5988,5988.T,
5989,5989.T,
5991,5991.T,
6005,6005.T,
6013,6013.T,
6028,6028.T,
6035,6035.T,
6036,6036.T,
6047,6047.T,
6050,6050.T,
6055,6055.T,
6058,6058.T,
6062,6062.T,
6070,6070.T,
6071,6071.T,
6073,6073.T,
6078,6078.T,
6080,6080.T,
6088,6088.T,
6089,6089.T,
6095,6095.T,
6098,6098.T,
6099,6099.T,
6101,6101.T,
6103,6103.T,
6104,6104.T,
6113,6113.T,
6118,6118.T,
6134,6134.T,
6135,6135.T,
6136,6136.T,
6140,6140.T,
6141,6141.T,
6143,6143.T,
6146,6146.T,
6151,6151.T,
6157,6157.T,
6167,6167.T,
6178,6178.T,
6183,6183.T,
6184,6184.T,
6191,6191.T,
6194,6194.T,
6196,6196.T,
6197,6197.T,
6200,6200.T,
6201,6201.T,
6209,6209.T,
6222,6222.T,
6235,6235.T,
6237,6237.T,
6238,6238.T,
6240,6240.T,
6247,6247.T,
6250,6250.T,
6254,6254.T,
6258,6258.T,
6264,6264.T,
6266,6266.T,
6268,6268.T,
6269,6269.T,
6272,6272.T,
6273,6273.T,
6277,6277.T,
6278,6278.T,
6279,6279.T,
6282,6282.T,
6284,6284.T,
6287,6287.T,
6289,6289.T,
6293,6293.T,
6294,6294.T,
6298,6298.T,
6301,6301.T,
6302,6302.T,
6305,6305.T,
6306,6306.T,
6309,6309.T,
6310,6310.T,
6315,6315.T,
6323,6323.T,
6326,6326.T,
6328,6328.T,
6330,6330.T,
6331,6331.T,
6332,6332.T,
6333,6333.T,
6339,6339.T,
6340,6340.T,
6345,6345.T,
6349,6349.T,
6351,6351.T,
6358,6358.T,
6361,6361.T,
6363,6363.T,
6364,6364.T,
6367,6367.T,
6368,6368.T,
6369,6369.T,
6370,6370.T,
6371,6371.T,
6376,6376.T,
6379,6379.T,
6381,6381.T,
6383,6383.T,
6387,6387.T,
6390,6390.T,
6395,6395.T,
6406,6406.T,
6407,6407.T,
6412,6412.T,
6413,6413.T,
6417,6417.T,
6418,6418.T,
6419,6419.T,
6420,6420.T,
6430,6430.T,
6432,6432.T,
6436,6436.T,
6440,6440.T,
6445,6445.T,
6448,6448.T,
6454,6454.T,
6455,6455.T,
6457,6457.T,
6458,6458.T,
6459,6459.T,
6460,6460.T,
6463,6463.T,
6464,6464.T,
6465,6465.T,
6471,6471.T,
6472,6472.T,
6473,6473.T,
6474,6474.T,
6479,6479.T,
6480,6480.T,
6481,6481.T,
6486,6486.T,
6490,6490.T,
6498,6498.T,
6501,6501.T,
6503,6503.T,
6504,6504.T,
6506,6506.T,
6507,6507.T,
6508,6508.T,
6516,6516.T,
6517,6517.T,
6523,6523.T,
6525,6525.T,
6526,6526.T,
6532,6532.T,
6533,6533.T,
6535,6535.T,
6539,6539.T,
6544,6544.T,
6560,6560.T,
6564,6564.T,
6571,6571.T,
6572,6572.T,
6584,6584.T,
6586,6586.T,
6588,6588.T,
6590,6590.T,
6592,6592.T,
6594,6594.T,
6615,6615.T,
6616,6616.T,
6617,6617.T,
6619,6619.T,
6620,6620.T,
6622,6622.T,
6630,6630.T,
6632,6632.T,
6638,6638.T,
6644,6644.T,
6645,6645.T,
6651,6651.T,
6652,6652.T,
6653,6653.T,
6674,6674.T,
6699,6699.T,
6701,6701.T,
6702,6702.T,
6703,6703.T,
6706,6706.T,
6707,6707.T,
6718,6718.T,
6723,6723.T,
6724,6724.T,
6727,6727.T,
6728,6728.T,
6737,6737.T,
6740,6740.T,
6741,6741.T,
6742,6742.T,
6744,6744.T,
6745,6745.T,
6750,6750.T,
6752,6752.T,
6753,6753.T,
6754,6754.T,
6755,6755.T,
6758,6758.T,
6762,6762.T,
6763,6763.T,
6768,6768.T,
6770,6770.T,
6779,6779.T,
6785,6785.T,
6787,6787.T,
6788,6788.T,
6794,6794.T,
6798,6798.T,
6800,6800.T,
6804,6804.T,
6806,6806.T,
6807,6807.T,
6809,6809.T,
6810,6810.T,
6814,6814.T,
6817,6817.T,
6820,6820.T,
6823,6823.T,
6841,6841.T,
6844,6844.T,
6845,6845.T,
6849,6849.T,
6850,6850.T,
6856,6856.T,
6857,6857.T,
6859,6859.T,
6861,6861.T,
6866,6866.T,
6869,6869.T,
6871,6871.T,
6875,6875.T,
6879,6879.T,
6902,6902.T,
6905,6905.T,
6908,6908.T,
6914,6914.T,
6920,6920.T,
6923,6923.T,
6925,6925.T,
6928,6928.T,
6929,6929.T,
6937,6937.T,
6941,6941.T,
6947,6947.T,
6951,6951.T,
6952,6952.T,
6954,6954.T,
6958,6958.T,
6961,6961.T,
6962,6962.T,
6963,6963.T,
6965,6965.T,
6966,6966.T,
6971,6971.T,
6976,6976.T,
6981,6981.T,
6986,6986.T,
6988,6988.T,
6995,6995.T,
6996,6996.T,
6997,6997.T,
6999,6999.T,
7003,7003.T,
7004,7004.T,
7011,7011.T,
7012,7012.T,
7013,7013.T,
7033,7033.T,
7034,7034.T,
7038,7038.T,
7059,7059.T,
7071,7071.T,
7085,7085.T,
7088,7088.T,
7092,7092.T,
7095,7095.T,
7102,7102.T,
7128,7128.T,
7130,7130.T,
7148,7148.T,
7157,7157.T,
7164,7164.T,
7167,7167.T,
7172,7172.T,
7173,7173.T,
7180,7180.T,
7181,7181.T,
7182,7182.T,
7184,7184.T,
7186,7186.T,
7187,7187.T,
7189,7189.T,
7198,7198.T,
7199,7199.T,
7201,7201.T,
7202,7202.T,
7203,7203.T,
7205,7205.T,
7211,7211.T,
7220,7220.T,
7224,7224.T,
7226,7226.T,
7231,7231.T,
7236,7236.T,
7238,7238.T,
7239,7239.T,
7240,7240.T,
7241,7241.T,
7242,7242.T,
7244,7244.T,
7245,7245.T,
7246,7246.T,
7250,7250.T,
7259,7259.T,
7261,7261.T,
7267,7267.T,
7269,7269.T,
7270,7270.T,
7272,7272.T,
7276,7276.T,
7278,7278.T,
7280,7280.T,
7282,7282.T,
7283,7283.T,
7294,7294.T,
7296,7296.T,
7309,7309.T,
7313,7313.T,
7322,7322.T,
7327,7327.T,
7337,7337.T,
7347,7347.T,
7350,7350.T,
7354,7354.T,
7366,7366.T,
7380,7380.T,
7381,7381.T,
7383,7383.T,
7384,7384.T,
7388,7388.T,
7389,7389.T,
7414,7414.T,
7419,7419.T,
7420,7420.T,
7421,7421.T,
7433,7433.T,
7438,7438.T,
7447,7447.T,
7453,7453.T,
7456,7456.T,
7458,7458.T,
7459,7459.T,
7466,7466.T,
7467,7467.T,
7475,7475.T,
7476,7476.T,
7482,7482.T,
7483,7483.T,
7504,7504.T,
7508,7508.T,
7510,7510.T,
7513,7513.T,
7516,7516.T,
7520,7520.T,
7522,7522.T,
7525,7525.T,
7532,7532.T,
7537,7537.T,
7545,7545.T,
7550,7550.T,
7552,7552.T,
7554,7554.T,
7575,7575.T,
7581,7581.T,
7593,7593.T,
7595,7595.T,
7596,7596.T,
7599,7599.T,
7600,7600.T,
7605,7605.T,
7606,7606.T,
7607,7607.T,
7609,7609.T,
7611,7611.T,
7613,7613.T,
7616,7616.T,
7628,7628.T,
7630,7630.T,
7637,7637.T,
7649,7649.T,
7679,7679.T,
7683,7683.T,
7701,7701.T,
7715,7715.T,
7717,7717.T,
7718,7718.T,
7721,7721.T,
7723,7723.T,
7725,7725.T,
7729,7729.T,
7730,7730.T,
7731,7731.T,
7732,7732.T,
7733,7733.T,
7734,7734.T,
7735,7735.T,
7739,7739.T,
7740,7740.T,
7741,7741.T,
7743,7743.T,
7744,7744.T,
7745,7745.T,
7747,7747.T,
7751,7751.T,
7752,7752.T,
7762,7762.T,
7769,7769.T,
7780,7780.T,
7817,7817.T,
7818,7818.T,
7820,7820.T,
7821,7821.T,
7826,7826.T,
7832,7832.T,
7839,7839.T,
7840,7840.T,
7844,7844.T,
7846,7846.T,
7856,7856.T,
7860,7860.T,
7864,7864.T,
7867,7867.T,
7868,7868.T,
7874,7874.T,
7888,7888.T,
7893,7893.T,
7911,7911.T,
7912,7912.T,
7914,7914.T,
7915,7915.T,
7917,7917.T,
7921,7921.T,
7925,7925.T,
7931,7931.T,
7936,7936.T,
7942,7942.T,
7943,7943.T,
7944,7944.T,
7947,7947.T,
7949,7949.T,
7951,7951.T,
7952,7952.T,
7955,7955.T,
7956,7956.T,
7958,7958.T,
7962,7962.T,
7965,7965.T,
7966,7966.T,
7970,7970.T,
7972,7972.T,
7974,7974.T,
7976,7976.T,
7979,7979.T,
7981,7981.T,
7984,7984.T,
7988,7988.T,
7989,7989.T,
7990,7990.T,
7994,7994.T,
7995,7995.T,
8001,8001.T,
8002,8002.T,
8005,8005.T,
8007,8007.T,
8008,8008.T,
8011,8011.T,
8012,8012.T,
8014,8014.T,
8015,8015.T,
8016,8016.T,
8020,8020.T,
8022,8022.T,
8031,8031.T,
8032,8032.T,
8035,8035.T,
8037,8037.T,
8043,8043.T,
8050,8050.T,
8051,8051.T,
8052,8052.T,
8053,8053.T,
8056,8056.T,
8057,8057.T,
8058,8058.T,
8059,8059.T,
8060,8060.T,
8061,8061.T,
8065,8065.T,
8070,8070.T,
8074,8074.T,
8075,8075.T,
8078,8078.T,
8079,8079.T,
8081,8081.T,
8084,8084.T,
8086,8086.T,
8088,8088.T,
8091,8091.T,
8093,8093.T,
8095,8095.T,
8097,8097.T,
8098,8098.T,
8101,8101.T,
8103,8103.T,
8111,8111.T,
8113,8113.T,
8125,8125.T,
8129,8129.T,
8130,8130.T,
8132,8132.T,
8133,8133.T,
8136,8136.T,
8137,8137.T,
8141,8141.T,
8142,8142.T,
8150,8150.T,
8151,8151.T,
8153,8153.T,
8154,8154.T,
8157,8157.T,
8158,8158.T,
8159,8159.T,
8160,8160.T,
8163,8163.T,
8167,8167.T,
8173,8173.T,
8174,8174.T,
8179,8179.T,
8185,8185.T,
8194,8194.T,
8200,8200.T,
8203,8203.T,
8214,8214.T,
8217,8217.T,
8218,8218.T,
8219,8219.T,
8227,8227.T,
8233,8233.T,
8237,8237.T,
8242,8242.T,
8252,8252.T,
8253,8253.T,
8255,8255.T,
8267,8267.T,
8273,8273.T,
8276,8276.T,
8278,8278.T,
8279,8279.T,
8281,8281.T,
8282,8282.T,
8283,8283.T,
8304,8304.T,
8306,8306.T,
8308,8308.T,
8309,8309.T,
8316,8316.T,
8331,8331.T,
8334,8334.T,
8336,8336.T,
8337,8337.T,
8338,8338.T,
8341,8341.T,
8343,8343.T,
8344,8344.T,
8345,8345.T,
8346,8346.T,
8354,8354.T,
8358,8358.T,
8359,8359.T,
8360,8360.T,
8361,8361.T,
8362,8362.T,
8364,8364.T,
8366,8366.T,
8367,8367.T,
8368,8368.T,
8370,8370.T,
8377,8377.T,
8381,8381.T,
8386,8386.T,
8387,8387.T,
8388,8388.T,
8392,8392.T,
8393,8393.T,
8395,8395.T,
8399,8399.T,
8410,8410.T,
8411,8411.T,
8418,8418.T,
8424,8424.T,
8425,8425.T,
8439,8439.T,
8473,8473.T,
8511,8511.T,
8515,8515.T,
8522,8522.T,
8524,8524.T,
8541,8541.T,
8544,8544.T,
8550,8550.T,
8551,8551.T,
8558,8558.T,
8566,8566.T,
8570,8570.T,
8584,8584.T,
8585,8585.T,
8591,8591.T,
8593,8593.T,
8595,8595.T,
8600,8600.T,
8601,8601.T,
8604,8604.T,
8609,8609.T,
8613,8613.T,
8614,8614.T,
8616,8616.T,
8622,8622.T,
8624,8624.T,
8628,8628.T,
8630,8630.T,
8697,8697.T,
8698,8698.T,
8706,8706.T,
8707,8707.T,
8708,8708.T,
8713,8713.T,
8714,8714.T,
8715,8715.T,
8725,8725.T,
8739,8739.T,
8750,8750.T,
8766,8766.T,
8771,8771.T,
8793,8793.T,
8795,8795.T,
8798,8798.T,
8801,8801.T,
8802,8802.T,
8803,8803.T,
8804,8804.T,
8818,8818.T,
8830,8830.T,
8848,8848.T,
8850,8850.T,
8860,8860.T,
8864,8864.T,
8876,8876.T,
8877,8877.T,
8881,8881.T,
8892,8892.T,
8897,8897.T,
8919,8919.T,
8923,8923.T,
8934,8934.T,
8935,8935.T,
8999,8999.T,
9001,9001.T,
9003,9003.T,
9005,9005.T,
9006,9006.T,
9007,9007.T,
9008,9008.T,
9009,9009.T,
9010,9010.T,
9020,9020.T,
9021,9021.T,
9022,9022.T,
9023,9023.T,
9024,9024.T,
9025,9025.T,
9031,9031.T,
9037,9037.T,
9039,9039.T,
9041,9041.T,
9042,9042.T,
9044,9044.T,
9045,9045.T,
9046,9046.T,
9048,9048.T,
9052,9052.T,
9064,9064.T,
9065,9065.T,
9066,9066.T,
9068,9068.T,
9069,9069.T,
9072,9072.T,
9075,9075.T,
9076,9076.T,
9081,9081.T,
9090,9090.T,
9101,9101.T,
9104,9104.T,
9107,9107.T,
9110,9110.T,
9119,9119.T,
9142,9142.T,
9143,9143.T,
9147,9147.T,
9201,9201.T,
9202,9202.T,
9216,9216.T,
9229,9229.T,
9247,9247.T,
9248,9248.T,
9267,9267.T,
9273,9273.T,
9274,9274.T,
9278,9278.T,
9279,9279.T,
9301,9301.T,
9302,9302.T,
9303,9303.T,
9304,9304.T,
9305,9305.T,
9310,9310.T,
9319,9319.T,
9324,9324.T,
9332,9332.T,
9336,9336.T,
9341,9341.T,
9347,9347.T,
9364,9364.T,
9381,9381.T,
9386,9386.T,
9401,9401.T,
9404,9404.T,
9405,9405.T,
9409,9409.T,
9412,9412.T,
9413,9413.T,
9416,9416.T,
9418,9418.T,
9424,9424.T,
9432,9432.T,
9433,9433.T,
9434,9434.T,
94345,94345.T,
94346,94346.T,
9435,9435.T,
9438,9438.T,
9449,9449.T,
9468,9468.T,
9470,9470.T,
9474,9474.T,
9501,9501.T,
9502,9502.T,
9503,9503.T,
9504,9504.T,
9505,9505.T,
9506,9506.T,
9507,9507.T,
9508,9508.T,
9509,9509.T,
9511,9511.T,
9513,9513.T,
9517,9517.T,
9519,9519.T,
9531,9531.T,
9532,9532.T,
9533,9533.T,
9534,9534.T,
9535,9535.T,
9536,9536.T,
9543,9543.T,
9551,9551.T,
9552,9552.T,
9600,9600.T,
9601,9601.T,
9602,9602.T,
9603,9603.T,
9605,9605.T,
9612,9612.T,
9613,9613.T,
9616,9616.T,
9619,9619.T,
9621,9621.T,
9622,9622.T,
9627,9627.T,
9628,9628.T,
9629,9629.T,
9644,9644.T,
9658,9658.T,
9663,9663.T,
9672,9672.T,
9678,9678.T,
9682,9682.T,
9684,9684.T,
9692,9692.T,
9697,9697.T,
9699,9699.T,
9702,9702.T,
9706,9706.T,
9715,9715.T,
9716,9716.T,
9719,9719.T,
9722,9722.T,
9729,9729.T,
9735,9735.T,
9739,9739.T,
9740,9740.T,
9742,9742.T,
9743,9743.T,
9744,9744.T,
9746,9746.T,
9755,9755.T,
9757,9757.T,
9759,9759.T,
9765,9765.T,
9766,9766.T,
9769,9769.T,
9788,9788.T,
9790,9790.T,
9793,9793.T,
9795,9795.T,
9824,9824.T,
9830,9830.T,
9831,9831.T,
9832,9832.T,
9837,9837.T,
9842,9842.T,
9843,9843.T,
9850,9850.T,
9861,9861.T,
9869,9869.T,
9880,9880.T,
9882,9882.T,
9887,9887.T,
9889,9889.T,
9900,9900.T,
9902,9902.T,
9928,9928.T,
9932,9932.T,
9934,9934.T,
9936,9936.T,
9946,9946.T,
9948,9948.T,
9956,9956.T,
9960,9960.T,
9962,9962.T,
9974,9974.T,
9983,9983.T,
9984,9984.T,
9987,9987.T,
9989,9989.T,
9990,9990.T,
9991,9991.T,
9997,9997.T,
